delete from "peer";
INSERT INTO "peer" VALUES('gwu18_1',49161,'127.0.0.1');
INSERT INTO "peer" VALUES('gwu22_1',49162,'127.0.0.1');
INSERT INTO "peer" VALUES('gwu18_2',49161,'127.0.0.1');
INSERT INTO "peer" VALUES('gwu22_2',49162,'127.0.0.1');
INSERT INTO "peer" VALUES('regonf_1',49191,'127.0.0.1');
INSERT INTO "peer" VALUES('gwu74_1',49163,'127.0.0.1');
INSERT INTO "peer" VALUES('lck_1',49175,'127.0.0.1');
INSERT INTO "peer" VALUES('lgr_1',49172,'127.0.0.1');
INSERT INTO "peer" VALUES('gwu59_1',49164,'127.0.0.1');
INSERT INTO "peer" VALUES('alp_1',49171,'127.0.0.1');
INSERT INTO "peer" VALUES('alr_1',49174,'127.0.0.1');
INSERT INTO "peer" VALUES('regsmp_1',49192,'127.0.0.1');
INSERT INTO "peer" VALUES('stp_1',49179,'127.0.0.1');
INSERT INTO "peer" VALUES('obj_1',49178,'127.0.0.1');
INSERT INTO "peer" VALUES('swr_1',49183,'127.0.0.1');
INSERT INTO "peer" VALUES('swf_1',49182,'127.0.0.1');

delete from em_mapping;
INSERT INTO em_mapping (em_id,peer_id,remote_id,pwm_rsl) VALUES (1,'obj_1',1,1000);
INSERT INTO em_mapping (em_id,peer_id,remote_id,pwm_rsl) VALUES (2,'obj_1',2,1000);

INSERT INTO em_mapping (em_id,peer_id,remote_id,pwm_rsl) VALUES (3,'obj_1',3,1000);
INSERT INTO em_mapping (em_id,peer_id,remote_id,pwm_rsl) VALUES (4,'obj_1',4,1000);

INSERT INTO em_mapping (em_id,peer_id,remote_id,pwm_rsl) VALUES (5,'obj_1',5,1000);
INSERT INTO em_mapping (em_id,peer_id,remote_id,pwm_rsl) VALUES (6,'obj_1',6,1000);

INSERT INTO em_mapping (em_id,peer_id,remote_id,pwm_rsl) VALUES (7,'obj_1',7,1000);
INSERT INTO em_mapping (em_id,peer_id,remote_id,pwm_rsl) VALUES (8,'obj_1',8,1000);

delete from sensor_mapping;
INSERT INTO sensor_mapping (sensor_id,peer_id,remote_id) VALUES (1,'obj_1',1);
INSERT INTO sensor_mapping (sensor_id,peer_id,remote_id) VALUES (2,'obj_1',2);
INSERT INTO sensor_mapping (sensor_id,peer_id,remote_id) VALUES (3,'obj_1',3);
INSERT INTO sensor_mapping (sensor_id,peer_id,remote_id) VALUES (4,'obj_1',4);
INSERT INTO sensor_mapping (sensor_id,peer_id,remote_id) VALUES (5,'obj_1',5);

delete from secure;
INSERT INTO secure (id,timeout_sec,heater_duty_cycle,cooler_duty_cycle) VALUES(2,30,0,0);

delete from prog;
INSERT INTO prog(id,description,em_mode,heater_mode,cooler_mode,sensor_id,heater_em_id,cooler_em_id,goal,heater_delta,cooler_delta,change_gap,heater_kp,heater_ki,heater_kd,cooler_kp,cooler_ki,cooler_kd,secure_id,green_light_sensor_id,green_value,save,enable,load) VALUES 
(1,'регулятор1_канал1','both','pid','pid',1,1,2,25,0.5,0.5,1800,0.2,0.2,0.2,0.2,0.2,0.2,1,5,1.0,1,1,1);
INSERT INTO prog(id,description,em_mode,heater_mode,cooler_mode,sensor_id,heater_em_id,cooler_em_id,goal,heater_delta,cooler_delta,change_gap,heater_kp,heater_ki,heater_kd,cooler_kp,cooler_ki,cooler_kd,secure_id,green_light_sensor_id,green_value,save,enable,load) VALUES
(2,'регулятор1_канал2','both','pid','pid',2,3,4,25,0.5,0.5,1800,0.2,0.2,0.2,0.2,0.2,0.2,1,5,1.0,1,1,1);
INSERT INTO prog(id,description,em_mode,heater_mode,cooler_mode,sensor_id,heater_em_id,cooler_em_id,goal,heater_delta,cooler_delta,change_gap,heater_kp,heater_ki,heater_kd,cooler_kp,cooler_ki,cooler_kd,secure_id,green_light_sensor_id,green_value,save,enable,load) VALUES
(3,'регулятор2_канал1','both','pid','pid',3,5,6,25,0.5,0.5,1800,0.2,0.2,0.2,0.2,0.2,0.2,1,5,1.0,1,1,1);
INSERT INTO prog(id,description,em_mode,heater_mode,cooler_mode,sensor_id,heater_em_id,cooler_em_id,goal,heater_delta,cooler_delta,change_gap,heater_kp,heater_ki,heater_kd,cooler_kp,cooler_ki,cooler_kd,secure_id,green_light_sensor_id,green_value,save,enable,load) VALUES
(4,'регулятор2_канал2','both','pid','pid',4,7,8,25,0.5,0.5,1800,0.2,0.2,0.2,0.2,0.2,0.2,1,5,1.0,1,1,1);




